Workbook

Sheet Read Me
A1: XAUUSD Quantum — Forward Test Log (build v38, amendments A1–A5: 15M registered, start 2026-10-06; H1 + H2 challengers)
A2: Purpose: measure the system on trades taken AFTER the freeze date only. History does not count.
A4: SETTINGS (pre-registered — do not change during the test)
A5: Freeze date / holdout start (UTC) | B5: 46301 | C5: audit/PREREGISTRATION.md §2 + amendment A1 (was 2026-09-28). Only trades opened at or after this moment count.
A6: Minimum trades per arm | B6: 50 | C6: PREREGISTRATION.md §4. No verdict before this many counted trades.
A7: Profit factor threshold | B7: 1.2 | C7: PREREGISTRATION.md §4. Gross wins / gross losses must reach this.
A8: t critical value lookup: alpha (two-sided) | B8: 0.05 | C8: 95% confidence interval on the mean (TINV).
A9: Wilson z | B9: 1.96 | C9: z for the 95% Wilson interval on the win rate.
A10: Ounces per MT5 lot | B10: 100 | C10: XAUUSD standard contract: 1 lot = 100 oz. Check your broker's contract spec.
A11: Adoption alpha (Bonferroni: 0.05 / 2 challengers) | B11: 0.025 | C11: PREREGISTRATION A3. Two challengers (H1, H2) are compared with the Treatment, so each adoption uses a 97.5% interval.
A12: HOW TO USE
A13: 1. Live Log: one row per MT5 trade you take from a CONFIRMED Master BUY/SELL alert. Fill the BLUE columns only; black columns are formulas. An H2 SETUP alert from the Master is NOT a Live-arm trade (amendment A4.2): H2's record is the Strategy_H2 scorecard.
A14: 2. 'Shown TP1 %' = the ~X% next to TP1 on the dashboard plan at entry (type 13% as 13%).
A15: 3. 'TP1 reached?' = Y if price touched TP1 before your exit, else N. This checks the dashboard's probability.
A16: 4. Arm Trades: after each week, export the Strategy Tester 'List of Trades' for Treatment, Control and Challenger (same chart, 15M) and paste arm name, entry time and net P&L per trade. All three trade 1 oz, so $ per trade compares directly.
A17: 5. Stats recalculates by itself. Verdicts stay 'COLLECTING' until the minimum trade count is reached.
A18: 6. Row 2 of each log is an EXAMPLE dated before the freeze, so it never counts. Overwrite it or leave it.
A19: Colour key: BLUE text on white = you type here; black = formula; yellow = pre-registered setting.
A20: Never edit the settings or the rules mid-test: that turns the forward test back into a backtest.
A21: v34: each strategy shows a FORWARD TEST scorecard on the chart (positions, mean $, 95% CI, PF, verdict). TradingView keeps nothing between sessions, so copy each scorecard into 'TV Snapshots' weekly -- that sheet is the permanent record.

Sheet Live Log
A1: # | B1: Open time (UTC) | C1: Direction | D1: Entry (MT5) | E1: SL | F1: TP1 | G1: Shown TP1 % | H1: Exit price | I1: Exit reason | J1: TP1 reached? (Y/N) | K1: Lots | L1: Costs $ (comm.+swap) | M1: Counts? | N1: Risk (price) | O1: Result R | P1: P&L $ | Q1: Win? | R1: R if counted | S1: Cum R | T1: Peak R | U1: Drawdown R | V1: Notes
A2: =IF(B2="","",ROW()-1) -> 1 | B2: 46290.583 | C2: SELL | D2: 4284.97 | E2: 4302.8 | F2: 4254.58 | G2: 0.13 | H2: 4302.8 | I2: SL | J2: N | K2: 0.01 | L2: 0.4 | M2: =AND(B2<>"",B2>='Read Me'!$B$5,H2<>"") -> FALSE | N2: =IF(OR(D2="",E2=""),"",ABS(D2-E2)) -> 17.83 | O2: =IF(OR(H2="",N2="",N2=0),"",IF(C2="BUY",1,-1)*(H2-D2)/N2) -> -1 | P2: =IF(OR(H2="",D2="",K2=""),"",IF(C2="BUY",1,-1)*(H2-D2)*K2*'Read Me'!$B$10-L2) -> -18.23 | Q2: =IF(O2="","",IF(O2>0,"WIN","LOSS")) -> LOSS | R2: =IF(AND(M2,O2<>""),O2,"") | S2: =0+IF(R2="",0,R2) -> 0 | T2: =MAX(0,S2) -> 0 | U2: =T2-S2 -> 0 | V2: EXAMPLE — dated before the freeze, so it does not count. Overwrite with your first trade.
A3: =IF(B3="","",ROW()-1) | M3: =AND(B3<>"",B3>='Read Me'!$B$5,H3<>"") -> FALSE | N3: =IF(OR(D3="",E3=""),"",ABS(D3-E3)) | O3: =IF(OR(H3="",N3="",N3=0),"",IF(C3="BUY",1,-1)*(H3-D3)/N3) | P3: =IF(OR(H3="",D3="",K3=""),"",IF(C3="BUY",1,-1)*(H3-D3)*K3*'Read Me'!$B$10-L3) | Q3: =IF(O3="","",IF(O3>0,"WIN","LOSS")) | R3: =IF(AND(M3,O3<>""),O3,"") | S3: =S2+IF(R3="",0,R3) -> 0 | T3: =MAX(T2,S3) -> 0 | U3: =T3-S3 -> 0
A4: =IF(B4="","",ROW()-1) | M4: =AND(B4<>"",B4>='Read Me'!$B$5,H4<>"") -> FALSE | N4: =IF(OR(D4="",E4=""),"",ABS(D4-E4)) | O4: =IF(OR(H4="",N4="",N4=0),"",IF(C4="BUY",1,-1)*(H4-D4)/N4) | P4: =IF(OR(H4="",D4="",K4=""),"",IF(C4="BUY",1,-1)*(H4-D4)*K4*'Read Me'!$B$10-L4) | Q4: =IF(O4="","",IF(O4>0,"WIN","LOSS")) | R4: =IF(AND(M4,O4<>""),O4,"") | S4: =S3+IF(R4="",0,R4) -> 0 | T4: =MAX(T3,S4) -> 0 | U4: =T4-S4 -> 0
A5: =IF(B5="","",ROW()-1) | M5: =AND(B5<>"",B5>='Read Me'!$B$5,H5<>"") -> FALSE | N5: =IF(OR(D5="",E5=""),"",ABS(D5-E5)) | O5: =IF(OR(H5="",N5="",N5=0),"",IF(C5="BUY",1,-1)*(H5-D5)/N5) | P5: =IF(OR(H5="",D5="",K5=""),"",IF(C5="BUY",1,-1)*(H5-D5)*K5*'Read Me'!$B$10-L5) | Q5: =IF(O5="","",IF(O5>0,"WIN","LOSS")) | R5: =IF(AND(M5,O5<>""),O5,"") | S5: =S4+IF(R5="",0,R5) -> 0 | T5: =MAX(T4,S5) -> 0 | U5: =T5-S5 -> 0
A6: =IF(B6="","",ROW()-1) | M6: =AND(B6<>"",B6>='Read Me'!$B$5,H6<>"") -> FALSE | N6: =IF(OR(D6="",E6=""),"",ABS(D6-E6)) | O6: =IF(OR(H6="",N6="",N6=0),"",IF(C6="BUY",1,-1)*(H6-D6)/N6) | P6: =IF(OR(H6="",D6="",K6=""),"",IF(C6="BUY",1,-1)*(H6-D6)*K6*'Read Me'!$B$10-L6) | Q6: =IF(O6="","",IF(O6>0,"WIN","LOSS")) | R6: =IF(AND(M6,O6<>""),O6,"") | S6: =S5+IF(R6="",0,R6) -> 0 | T6: =MAX(T5,S6) -> 0 | U6: =T6-S6 -> 0
A7: =IF(B7="","",ROW()-1) | M7: =AND(B7<>"",B7>='Read Me'!$B$5,H7<>"") -> FALSE | N7: =IF(OR(D7="",E7=""),"",ABS(D7-E7)) | O7: =IF(OR(H7="",N7="",N7=0),"",IF(C7="BUY",1,-1)*(H7-D7)/N7) | P7: =IF(OR(H7="",D7="",K7=""),"",IF(C7="BUY",1,-1)*(H7-D7)*K7*'Read Me'!$B$10-L7) | Q7: =IF(O7="","",IF(O7>0,"WIN","LOSS")) | R7: =IF(AND(M7,O7<>""),O7,"") | S7: =S6+IF(R7="",0,R7) -> 0 | T7: =MAX(T6,S7) -> 0 | U7: =T7-S7 -> 0
A8: =IF(B8="","",ROW()-1) | M8: =AND(B8<>"",B8>='Read Me'!$B$5,H8<>"") -> FALSE | N8: =IF(OR(D8="",E8=""),"",ABS(D8-E8)) | O8: =IF(OR(H8="",N8="",N8=0),"",IF(C8="BUY",1,-1)*(H8-D8)/N8) | P8: =IF(OR(H8="",D8="",K8=""),"",IF(C8="BUY",1,-1)*(H8-D8)*K8*'Read Me'!$B$10-L8) | Q8: =IF(O8="","",IF(O8>0,"WIN","LOSS")) | R8: =IF(AND(M8,O8<>""),O8,"") | S8: =S7+IF(R8="",0,R8) -> 0 | T8: =MAX(T7,S8) -> 0 | U8: =T8-S8 -> 0
A9: =IF(B9="","",ROW()-1) | M9: =AND(B9<>"",B9>='Read Me'!$B$5,H9<>"") -> FALSE | N9: =IF(OR(D9="",E9=""),"",ABS(D9-E9)) | O9: =IF(OR(H9="",N9="",N9=0),"",IF(C9="BUY",1,-1)*(H9-D9)/N9) | P9: =IF(OR(H9="",D9="",K9=""),"",IF(C9="BUY",1,-1)*(H9-D9)*K9*'Read Me'!$B$10-L9) | Q9: =IF(O9="","",IF(O9>0,"WIN","LOSS")) | R9: =IF(AND(M9,O9<>""),O9,"") | S9: =S8+IF(R9="",0,R9) -> 0 | T9: =MAX(T8,S9) -> 0 | U9: =T9-S9 -> 0
A10: =IF(B10="","",ROW()-1) | M10: =AND(B10<>"",B10>='Read Me'!$B$5,H10<>"") -> FALSE | N10: =IF(OR(D10="",E10=""),"",ABS(D10-E10)) | O10: =IF(OR(H10="",N10="",N10=0),"",IF(C10="BUY",1,-1)*(H10-D10)/N10) | P10: =IF(OR(H10="",D10="",K10=""),"",IF(C10="BUY",1,-1)*(H10-D10)*K10*'Read Me'!$B$10-L10) | Q10: =IF(O10="","",IF(O10>0,"WIN","LOSS")) | R10: =IF(AND(M10,O10<>""),O10,"") | S10: =S9+IF(R10="",0,R10) -> 0 | T10: =MAX(T9,S10) -> 0 | U10: =T10-S10 -> 0
A11: =IF(B11="","",ROW()-1) | M11: =AND(B11<>"",B11>='Read Me'!$B$5,H11<>"") -> FALSE | N11: =IF(OR(D11="",E11=""),"",ABS(D11-E11)) | O11: =IF(OR(H11="",N11="",N11=0),"",IF(C11="BUY",1,-1)*(H11-D11)/N11) | P11: =IF(OR(H11="",D11="",K11=""),"",IF(C11="BUY",1,-1)*(H11-D11)*K11*'Read Me'!$B$10-L11) | Q11: =IF(O11="","",IF(O11>0,"WIN","LOSS")) | R11: =IF(AND(M11,O11<>""),O11,"") | S11: =S10+IF(R11="",0,R11) -> 0 | T11: =MAX(T10,S11) -> 0 | U11: =T11-S11 -> 0
A12: =IF(B12="","",ROW()-1) | M12: =AND(B12<>"",B12>='Read Me'!$B$5,H12<>"") -> FALSE | N12: =IF(OR(D12="",E12=""),"",ABS(D12-E12)) | O12: =IF(OR(H12="",N12="",N12=0),"",IF(C12="BUY",1,-1)*(H12-D12)/N12) | P12: =IF(OR(H12="",D12="",K12=""),"",IF(C12="BUY",1,-1)*(H12-D12)*K12*'Read Me'!$B$10-L12) | Q12: =IF(O12="","",IF(O12>0,"WIN","LOSS")) | R12: =IF(AND(M12,O12<>""),O12,"") | S12: =S11+IF(R12="",0,R12) -> 0 | T12: =MAX(T11,S12) -> 0 | U12: =T12-S12 -> 0
A13: =IF(B13="","",ROW()-1) | M13: =AND(B13<>"",B13>='Read Me'!$B$5,H13<>"") -> FALSE | N13: =IF(OR(D13="",E13=""),"",ABS(D13-E13)) | O13: =IF(OR(H13="",N13="",N13=0),"",IF(C13="BUY",1,-1)*(H13-D13)/N13) | P13: =IF(OR(H13="",D13="",K13=""),"",IF(C13="BUY",1,-1)*(H13-D13)*K13*'Read Me'!$B$10-L13) | Q13: =IF(O13="","",IF(O13>0,"WIN","LOSS")) | R13: =IF(AND(M13,O13<>""),O13,"") | S13: =S12+IF(R13="",0,R13) -> 0 | T13: =MAX(T12,S13) -> 0 | U13: =T13-S13 -> 0
A14: =IF(B14="","",ROW()-1) | M14: =AND(B14<>"",B14>='Read Me'!$B$5,H14<>"") -> FALSE | N14: =IF(OR(D14="",E14=""),"",ABS(D14-E14)) | O14: =IF(OR(H14="",N14="",N14=0),"",IF(C14="BUY",1,-1)*(H14-D14)/N14) | P14: =IF(OR(H14="",D14="",K14=""),"",IF(C14="BUY",1,-1)*(H14-D14)*K14*'Read Me'!$B$10-L14) | Q14: =IF(O14="","",IF(O14>0,"WIN","LOSS")) | R14: =IF(AND(M14,O14<>""),O14,"") | S14: =S13+IF(R14="",0,R14) -> 0 | T14: =MAX(T13,S14) -> 0 | U14: =T14-S14 -> 0
... A501: =IF(B501="","",ROW()-1) | M501: =AND(B501<>"",B501>='Read Me'!$B$5,H501<>"") -> FALSE | N501: =IF(OR(D501="",E501=""),"",ABS(D501-E501)) | O501: =IF(OR(H501="",N501="",N501=0),"",IF(C501="BUY",1,-1)*(H501-D501)/N501) | P501: =IF(OR(H501="",D501="",K501=""),"",IF(C501="BUY",1,-1)*(H501-D501)*K501*'Read Me'!$B$10-L501) | Q501: =IF(O501="","",IF(O501>0,"WIN","LOSS")) | R501: =IF(AND(M501,O501<>""),O501,"") | S501: =S500+IF(R501="",0,R501) -> 0 | T501: =MAX(T500,S501) -> 0 | U501: =T501-S501 -> 0

Sheet TV Snapshots
A1: Snapshot date (UTC) | B1: Arm | C1: Timeframe | D1: Positions (N) | E1: Mean $ / position | F1: 95% CI low | G1: 95% CI high | H1: Profit factor | I1: Net $ | J1: Verdict | K1: Coverage note
A2: 46299 | B2: Treatment | C2: 15 | D2: 0 | I2: 0 | J2: COLLECTING 0/50 | K2: EXAMPLE row (before the start) -- overwrite. Copy each arm's scorecard every week.

Sheet Arm Trades
A1: Arm | B1: Trade # | C1: Entry time (UTC) | D1: Net P&L $ (1 oz) | E1: Counts? | F1: P&L if counted | G1: P&L² if counted | H1: ONE ROW PER POSITION: the strategies close 50% at TP1 and the rest later, and the List of Trades shows each part as its own row -- add the parts of one entry together. Easier: copy the on-chart scorecard into 'TV Snapshots'.
A2: Treatment | B2: 1 | C2: 46289.375 | D2: -12.35 | E2: =AND(A2<>"",C2<>"",D2<>"",C2>='Read Me'!$B$5) -> FALSE | F2: =IF(E2,D2,"") | G2: =IF(E2,D2^2,0) -> 0 | H2: EXAMPLE — before the freeze, does not count.
E3: =AND(A3<>"",C3<>"",D3<>"",C3>='Read Me'!$B$5) -> FALSE | F3: =IF(E3,D3,"") | G3: =IF(E3,D3^2,0) -> 0
E4: =AND(A4<>"",C4<>"",D4<>"",C4>='Read Me'!$B$5) -> FALSE | F4: =IF(E4,D4,"") | G4: =IF(E4,D4^2,0) -> 0
E5: =AND(A5<>"",C5<>"",D5<>"",C5>='Read Me'!$B$5) -> FALSE | F5: =IF(E5,D5,"") | G5: =IF(E5,D5^2,0) -> 0
E6: =AND(A6<>"",C6<>"",D6<>"",C6>='Read Me'!$B$5) -> FALSE | F6: =IF(E6,D6,"") | G6: =IF(E6,D6^2,0) -> 0
E7: =AND(A7<>"",C7<>"",D7<>"",C7>='Read Me'!$B$5) -> FALSE | F7: =IF(E7,D7,"") | G7: =IF(E7,D7^2,0) -> 0
E8: =AND(A8<>"",C8<>"",D8<>"",C8>='Read Me'!$B$5) -> FALSE | F8: =IF(E8,D8,"") | G8: =IF(E8,D8^2,0) -> 0
E9: =AND(A9<>"",C9<>"",D9<>"",C9>='Read Me'!$B$5) -> FALSE | F9: =IF(E9,D9,"") | G9: =IF(E9,D9^2,0) -> 0
E10: =AND(A10<>"",C10<>"",D10<>"",C10>='Read Me'!$B$5) -> FALSE | F10: =IF(E10,D10,"") | G10: =IF(E10,D10^2,0) -> 0
E11: =AND(A11<>"",C11<>"",D11<>"",C11>='Read Me'!$B$5) -> FALSE | F11: =IF(E11,D11,"") | G11: =IF(E11,D11^2,0) -> 0
E12: =AND(A12<>"",C12<>"",D12<>"",C12>='Read Me'!$B$5) -> FALSE | F12: =IF(E12,D12,"") | G12: =IF(E12,D12^2,0) -> 0
E13: =AND(A13<>"",C13<>"",D13<>"",C13>='Read Me'!$B$5) -> FALSE | F13: =IF(E13,D13,"") | G13: =IF(E13,D13^2,0) -> 0
E14: =AND(A14<>"",C14<>"",D14<>"",C14>='Read Me'!$B$5) -> FALSE | F14: =IF(E14,D14,"") | G14: =IF(E14,D14^2,0) -> 0
... E2001: =AND(A2001<>"",C2001<>"",D2001<>"",C2001>='Read Me'!$B$5) -> FALSE | F2001: =IF(E2001,D2001,"") | G2001: =IF(E2001,D2001^2,0) -> 0

Sheet Stats
A1: Forward-test statistics (counted trades only: opened at/after the freeze date)
A2: Freeze date | B2: ='Read Me'!$B$5 -> 46301
A4: LIVE MT5 TRADES (Master decisions) — in R
A5: Counted trades (N) | B5: =COUNT('Live Log'!$R$2:$R$501) -> 0
A6: Wins (R > 0) | B6: =COUNTIF('Live Log'!$R$2:$R$501,">0") -> 0
A7: Win rate | B7: =IF(B5=0,"",B6/B5)
A8: Win rate 95% Wilson low | B8: =IF(B5=0,"",(B7+'Read Me'!$B$9^2/(2*B5)-'Read Me'!$B$9*SQRT(B7*(1-B7)/B5+'Read Me'!$B$9^2/(4*B5^2)))/(1+'Read Me'!$B$9^2/B5))
A9: Win rate 95% Wilson high | B9: =IF(B5=0,"",(B7+'Read Me'!$B$9^2/(2*B5)+'Read Me'!$B$9*SQRT(B7*(1-B7)/B5+'Read Me'!$B$9^2/(4*B5^2)))/(1+'Read Me'!$B$9^2/B5))
A10: Mean R per trade | B10: =IF(B5=0,"",AVERAGE('Live Log'!$R$2:$R$501))
A11: Std dev of R | B11: =IF(B5<2,"",STDEV('Live Log'!$R$2:$R$501))
A12: 95% CI of mean R — low | B12: =IF(B5<2,"",B10-TINV('Read Me'!$B$8,B5-1)*B11/SQRT(B5))
A13: 95% CI of mean R — high | B13: =IF(B5<2,"",B10+TINV('Read Me'!$B$8,B5-1)*B11/SQRT(B5))
A14: Total R | B14: =SUM('Live Log'!$R$2:$R$501) -> 0
A15: Profit factor (gross win R / gross loss R) | B15: =IF(SUMIF('Live Log'!$R$2:$R$501,"<0")=0,"",SUMIF('Live Log'!$R$2:$R$501,">0")/-SUMIF('Live Log'!$R$2:$R$501,"<0"))
A16: Max drawdown (R) | B16: =MAX('Live Log'!$U$2:$U$501) -> 0
A17: Net P&L $ (counted) | B17: =SUMIFS('Live Log'!$P$2:$P$501,'Live Log'!$M$2:$M$501,TRUE()) -> 0
A18: Dashboard TP1 % (mean shown) | B18: =IF(COUNTIFS('Live Log'!$M$2:$M$501,TRUE(),'Live Log'!$G$2:$G$501,"<>")=0,"",AVERAGEIFS('Live Log'!$G$2:$G$501,'Live Log'!$M$2:$M$501,TRUE()))
A19: TP1 actually reached (realised) | B19: =IF(COUNTIFS('Live Log'!$M$2:$M$501,TRUE(),'Live Log'!$J$2:$J$501,"<>")=0,"",COUNTIFS('Live Log'!$M$2:$M$501,TRUE(),'Live Log'!$J$2:$J$501,"Y")/COUNTIFS('Live Log'!$M$2:$M$501,TRUE(),'Live Log'!$J$2:$J$501,"<>"))
A20: Calibration gap (realised − shown) | B20: =IF(OR(B18="",B19=""),"",B19-B18) | F20: Positive = the dashboard's TP1 % was too pessimistic; negative = too optimistic. Needs ~50+ trades to mean anything.
A21: VERDICT (pre-registered rule) | B21: =IF(B5<'Read Me'!$B$6,"COLLECTING "&B5&"/"&'Read Me'!$B$6,IF(AND(B12>0,B15>='Read Me'!$B$7),"EDGE SHOWN","NOT SHOWN")) -> COLLECTING 0/50 | F21: EDGE SHOWN needs: N ≥ minimum AND 95% CI low of mean R > 0 AND profit factor ≥ threshold (Read Me). Otherwise NOT SHOWN; below minimum N, COLLECTING.
A24: STRATEGY ARMS (Strategy Tester, 1 oz) — in $ per trade
B25: Treatment | C25: Control | D25: Challenger | E25: H2
A26: Counted trades (N) | B26: =COUNTIFS('Arm Trades'!$A$2:$A$2001,B$25,'Arm Trades'!$E$2:$E$2001,TRUE()) -> 0 | C26: =COUNTIFS('Arm Trades'!$A$2:$A$2001,C$25,'Arm Trades'!$E$2:$E$2001,TRUE()) -> 0 | D26: =COUNTIFS('Arm Trades'!$A$2:$A$2001,D$25,'Arm Trades'!$E$2:$E$2001,TRUE()) -> 0 | E26: =COUNTIFS('Arm Trades'!$A$2:$A$2001,E$25,'Arm Trades'!$E$2:$E$2001,TRUE()) -> 0 | F26: All three arms trade 1 oz with identical costs, so $ per trade compares directly across arms.
A27: Win rate | B27: =IF(B26=0,"",COUNTIFS('Arm Trades'!$A$2:$A$2001,B$25,'Arm Trades'!$E$2:$E$2001,TRUE(),'Arm Trades'!$D$2:$D$2001,">0")/B26) | C27: =IF(C26=0,"",COUNTIFS('Arm Trades'!$A$2:$A$2001,C$25,'Arm Trades'!$E$2:$E$2001,TRUE(),'Arm Trades'!$D$2:$D$2001,">0")/C26) | D27: =IF(D26=0,"",COUNTIFS('Arm Trades'!$A$2:$A$2001,D$25,'Arm Trades'!$E$2:$E$2001,TRUE(),'Arm Trades'!$D$2:$D$2001,">0")/D26) | E27: =IF(E26=0,"",COUNTIFS('Arm Trades'!$A$2:$A$2001,E$25,'Arm Trades'!$E$2:$E$2001,TRUE(),'Arm Trades'!$D$2:$D$2001,">0")/E26)
A28: Mean $ per trade | B28: =IF(B26=0,"",SUMIFS('Arm Trades'!$D$2:$D$2001,'Arm Trades'!$A$2:$A$2001,B$25,'Arm Trades'!$E$2:$E$2001,TRUE())/B26) | C28: =IF(C26=0,"",SUMIFS('Arm Trades'!$D$2:$D$2001,'Arm Trades'!$A$2:$A$2001,C$25,'Arm Trades'!$E$2:$E$2001,TRUE())/C26) | D28: =IF(D26=0,"",SUMIFS('Arm Trades'!$D$2:$D$2001,'Arm Trades'!$A$2:$A$2001,D$25,'Arm Trades'!$E$2:$E$2001,TRUE())/D26) | E28: =IF(E26=0,"",SUMIFS('Arm Trades'!$D$2:$D$2001,'Arm Trades'!$A$2:$A$2001,E$25,'Arm Trades'!$E$2:$E$2001,TRUE())/E26)
A29: Std dev $ per trade | B29: =IF(B26<2,"",SQRT(MAX(0,(SUMIFS('Arm Trades'!$G$2:$G$2001,'Arm Trades'!$A$2:$A$2001,B$25,'Arm Trades'!$E$2:$E$2001,TRUE())-B26*B28^2)/(B26-1)))) | C29: =IF(C26<2,"",SQRT(MAX(0,(SUMIFS('Arm Trades'!$G$2:$G$2001,'Arm Trades'!$A$2:$A$2001,C$25,'Arm Trades'!$E$2:$E$2001,TRUE())-C26*C28^2)/(C26-1)))) | D29: =IF(D26<2,"",SQRT(MAX(0,(SUMIFS('Arm Trades'!$G$2:$G$2001,'Arm Trades'!$A$2:$A$2001,D$25,'Arm Trades'!$E$2:$E$2001,TRUE())-D26*D28^2)/(D26-1)))) | E29: =IF(E26<2,"",SQRT(MAX(0,(SUMIFS('Arm Trades'!$G$2:$G$2001,'Arm Trades'!$A$2:$A$2001,E$25,'Arm Trades'!$E$2:$E$2001,TRUE())-E26*E28^2)/(E26-1))))
A30: 95% CI of mean — low | B30: =IF(B26<2,"",B28-TINV('Read Me'!$B$8,B26-1)*B29/SQRT(B26)) | C30: =IF(C26<2,"",C28-TINV('Read Me'!$B$8,C26-1)*C29/SQRT(C26)) | D30: =IF(D26<2,"",D28-TINV('Read Me'!$B$8,D26-1)*D29/SQRT(D26)) | E30: =IF(E26<2,"",E28-TINV('Read Me'!$B$8,E26-1)*E29/SQRT(E26))
A31: 95% CI of mean — high | B31: =IF(B26<2,"",B28+TINV('Read Me'!$B$8,B26-1)*B29/SQRT(B26)) | C31: =IF(C26<2,"",C28+TINV('Read Me'!$B$8,C26-1)*C29/SQRT(C26)) | D31: =IF(D26<2,"",D28+TINV('Read Me'!$B$8,D26-1)*D29/SQRT(D26)) | E31: =IF(E26<2,"",E28+TINV('Read Me'!$B$8,E26-1)*E29/SQRT(E26))
A32: Net P&L $ | B32: =SUMIFS('Arm Trades'!$D$2:$D$2001,'Arm Trades'!$A$2:$A$2001,B$25,'Arm Trades'!$E$2:$E$2001,TRUE()) -> 0 | C32: =SUMIFS('Arm Trades'!$D$2:$D$2001,'Arm Trades'!$A$2:$A$2001,C$25,'Arm Trades'!$E$2:$E$2001,TRUE()) -> 0 | D32: =SUMIFS('Arm Trades'!$D$2:$D$2001,'Arm Trades'!$A$2:$A$2001,D$25,'Arm Trades'!$E$2:$E$2001,TRUE()) -> 0 | E32: =SUMIFS('Arm Trades'!$D$2:$D$2001,'Arm Trades'!$A$2:$A$2001,E$25,'Arm Trades'!$E$2:$E$2001,TRUE()) -> 0
A33: Profit factor | B33: =IF(SUMIFS('Arm Trades'!$D$2:$D$2001,'Arm Trades'!$A$2:$A$2001,B$25,'Arm Trades'!$E$2:$E$2001,TRUE(),'Arm Trades'!$D$2:$D$2001,"<0")=0,"",SUMIFS('Arm Trades'!$D$2:$D$2001,'Arm Trades'!$A$2:$A$2001,B$25,'Arm Trades'!$E$2:$E$2001,TRUE(),'Arm Trades'!$D$2:$D$2001,">0")/-SUMIFS('Arm Trades'!$D$2:$D$2001,'Arm Trades'!$A$2:$A$2001,B$25,'Arm Trades'!$E$2:$E$2001,TRUE(),'Arm Trades'!$D$2:$D$2001,"<0")) | C33: =IF(SUMIFS('Arm Trades'!$D$2:$D$2001,'Arm Trades'!$A$2:$A$2001,C$25,'Arm Trades'!$E$2:$E$2001,TRUE(),'Arm Trades'!$D$2:$D$2001,"<0")=0,"",SUMIFS('Arm Trades'!$D$2:$D$2001,'Arm Trades'!$A$2:$A$2001,C$25,'Arm Trades'!$E$2:$E$2001,TRUE(),'Arm Trades'!$D$2:$D$2001,">0")/-SUMIFS('Arm Trades'!$D$2:$D$2001,'Arm Trades'!$A$2:$A$2001,C$25,'Arm Trades'!$E$2:$E$2001,TRUE(),'Arm Trades'!$D$2:$D$2001,"<0")) | D33: =IF(SUMIFS('Arm Trades'!$D$2:$D$2001,'Arm Trades'!$A$2:$A$2001,D$25,'Arm Trades'!$E$2:$E$2001,TRUE(),'Arm Trades'!$D$2:$D$2001,"<0")=0,"",SUMIFS('Arm Trades'!$D$2:$D$2001,'Arm Trades'!$A$2:$A$2001,D$25,'Arm Trades'!$E$2:$E$2001,TRUE(),'Arm Trades'!$D$2:$D$2001,">0")/-SUMIFS('Arm Trades'!$D$2:$D$2001,'Arm Trades'!$A$2:$A$2001,D$25,'Arm Trades'!$E$2:$E$2001,TRUE(),'Arm Trades'!$D$2:$D$2001,"<0")) | E33: =IF(SUMIFS('Arm Trades'!$D$2:$D$2001,'Arm Trades'!$A$2:$A$2001,E$25,'Arm Trades'!$E$2:$E$2001,TRUE(),'Arm Trades'!$D$2:$D$2001,"<0")=0,"",SUMIFS('Arm Trades'!$D$2:$D$2001,'Arm Trades'!$A$2:$A$2001,E$25,'Arm Trades'!$E$2:$E$2001,TRUE(),'Arm Trades'!$D$2:$D$2001,">0")/-SUMIFS('Arm Trades'!$D$2:$D$2001,'Arm Trades'!$A$2:$A$2001,E$25,'Arm Trades'!$E$2:$E$2001,TRUE(),'Arm Trades'!$D$2:$D$2001,"<0"))
A34: VERDICT (pre-registered rule) | B34: =IF(B26<'Read Me'!$B$6,"COLLECTING "&B26&"/"&'Read Me'!$B$6,IF(AND(B30>0,B33>='Read Me'!$B$7),"EDGE SHOWN","NOT SHOWN")) -> COLLECTING 0/50 | C34: =IF(C26<'Read Me'!$B$6,"COLLECTING "&C26&"/"&'Read Me'!$B$6,IF(AND(C30>0,C33>='Read Me'!$B$7),"EDGE SHOWN","NOT SHOWN")) -> COLLECTING 0/50 | D34: =IF(D26<'Read Me'!$B$6,"COLLECTING "&D26&"/"&'Read Me'!$B$6,IF(AND(D30>0,D33>='Read Me'!$B$7),"EDGE SHOWN","NOT SHOWN")) -> COLLECTING 0/50 | E34: =IF(E26<'Read Me'!$B$6,"COLLECTING "&E26&"/"&'Read Me'!$B$6,IF(AND(E30>0,E33>='Read Me'!$B$7),"EDGE SHOWN","NOT SHOWN")) -> COLLECTING 0/50
A35: Adoption CI low (97.5%, Bonferroni) | D35: =IF(D26<2,"",D28-TINV('Read Me'!$B$11,D26-1)*D29/SQRT(D26)) | E35: =IF(E26<2,"",E28-TINV('Read Me'!$B$11,E26-1)*E29/SQRT(E26))
A36: CHALLENGER DECISION (H1: fast trend gate) | B36: =IF(OR(B26<'Read Me'!$B$6,D26<'Read Me'!$B$6),"WAIT: both arms need "&'Read Me'!$B$6&" positions",IF(AND(D35>0,OR(D33="",D33>='Read Me'!$B$7),D28>B28),"ADOPT H1 — move the fast trend gate to the Master","KEEP TREATMENT — H1 not shown better")) -> WAIT: both arms need 50 positions | F36: PREREGISTRATION §4 + A3: adopt a challenger only if its 97.5% CI low > 0 (Bonferroni), PF >= threshold, and its mean beats the Treatment's over the same forward window.
A37: H2 DECISION (sweep-to-value) | B37: =IF(OR(B26<'Read Me'!$B$6,E26<'Read Me'!$B$6),"WAIT: both arms need "&'Read Me'!$B$6&" positions",IF(AND(E35>0,OR(E33="",E33>='Read Me'!$B$7),E28>B28),"ADOPT H2 — H2 shown better than the Treatment","KEEP TREATMENT — H2 not shown better")) -> WAIT: both arms need 50 positions | F37: Same rule for H2. Each verdict in row 34 is descriptive (95%).
